,ids,costo_publicidad
0,5000,209
1,5001,185
2,5002,328
3,5003,383
4,5004,281
5,5005,311
6,5006,291
7,5007,404
8,5008,299
9,5009,306
10,5010,474
11,5011,396
12,5012,364
13,5013,182
14,5014,227
15,5015,278
16,5016,219
17,5017,317
18,5018,311
19,5019,245
20,5020,471
21,5021,363
22,5022,288
23,5023,444
24,5024,175
25,5025,286
26,5026,211
27,5027,172
28,5028,267
29,5029,226
30,5030,254
31,5031,182
32,5032,411
33,5033,477
34,5034,441
35,5035,390
36,5036,279
37,5037,498
38,5038,421
39,5039,394
40,5040,363
41,5041,156
42,5042,427
43,5043,396
44,5044,215
45,5045,344
46,5046,209
47,5047,370
48,5048,447
49,5049,490
50,5050,213
51,5051,211
52,5052,348
53,5053,456
54,5054,155
55,5055,477
56,5056,438
57,5057,483
58,5058,286
59,5059,451
60,5060,165
61,5061,279
62,5062,285
63,5063,299
64,5064,208
65,5065,320
66,5066,270
67,5067,489
68,5068,398
69,5069,462
70,5070,412
71,5071,419
72,5072,315
73,5073,186
74,5074,338
75,5075,196
76,5076,200
77,5077,423
78,5078,358
79,5079,209
80,5080,409
81,5081,462
82,5082,335
83,5083,180
84,5084,348
85,5085,332
86,5086,234
87,5087,161
88,5088,354
89,5089,220
90,5090,312
91,5091,392
92,5092,369
93,5093,275
94,5094,165
95,5095,231
96,5096,298
97,5097,413
98,5098,461
99,5099,189
100,5100,171
101,5101,247
102,5102,155
103,5103,400
104,5104,299
105,5105,308
106,5106,370
107,5107,412
108,5108,481
109,5109,253
110,5110,250
111,5111,193
112,5112,161
113,5113,451
114,5114,254
115,5115,192
116,5116,481
117,5117,157
118,5118,229
119,5119,295
120,5120,207
121,5121,163
122,5122,428
123,5123,308
124,5124,443
125,5125,491
126,5126,367
127,5127,186
128,5128,325
129,5129,375
130,5130,391
131,5131,296
132,5132,160
133,5133,364
134,5134,476
135,5135,348
136,5136,367
137,5137,263
138,5138,198
139,5139,398
140,5140,266
141,5141,375
142,5142,214
143,5143,216
144,5144,263
145,5145,460
146,5146,271
147,5147,471
148,5148,223
149,5149,156
150,5150,269
151,5151,362
152,5152,305
153,5153,401
154,5154,224
155,5155,171
156,5156,318
157,5157,449
158,5158,344
159,5159,344
160,5160,469
161,5161,213
162,5162,394
163,5163,372
164,5164,393
165,5165,190
166,5166,275
167,5167,314
168,5168,372
169,5169,153
170,5170,431
171,5171,270
172,5172,227
173,5173,498
174,5174,407
175,5175,238
176,5176,185
177,5177,233
178,5178,457
179,5179,298
180,5180,160
181,5181,468
182,5182,178
183,5183,335
184,5184,227
185,5185,156
186,5186,382
187,5187,480
188,5188,399
189,5189,279
190,5190,265
191,5191,394
192,5192,315
193,5193,438
194,5194,322
195,5195,497
196,5196,452
197,5197,285
198,5198,246
199,5199,223
200,5200,209
201,5201,419
202,5202,240
203,5203,445
204,5204,335
205,5205,394
206,5206,300
207,5207,491
208,5208,152
209,5209,386
210,5210,264
211,5211,475
212,5212,213
213,5213,415
214,5214,319
215,5215,483
216,5216,468
217,5217,471
218,5218,157
219,5219,278
220,5220,380
221,5221,469
222,5222,270
223,5223,481
224,5224,257
225,5225,490
226,5226,473
227,5227,153
228,5228,201
229,5229,391
230,5230,333
231,5231,394
232,5232,165
233,5233,196
234,5234,464
235,5235,349
236,5236,419
237,5237,359
238,5238,388
239,5239,285
240,5240,354
241,5241,345
242,5242,439
243,5243,446
244,5244,451
245,5245,387
246,5246,231
247,5247,435
248,5248,448
249,5249,197
250,5250,334
251,5251,293
252,5252,250
253,5253,328
254,5254,393
255,5255,340
256,5256,467
257,5257,302
258,5258,358
259,5259,264
260,5260,389
261,5261,326
262,5262,284
263,5263,278
264,5264,173
265,5265,306
266,5266,319
267,5267,389
268,5268,154
269,5269,300
270,5270,221
271,5271,179
272,5272,193
273,5273,214
274,5274,398
275,5275,471
276,5276,289
277,5277,477
278,5278,210
279,5279,185
280,5280,485
281,5281,489
282,5282,222
283,5283,226
284,5284,455
285,5285,243
286,5286,430
287,5287,277
288,5288,395
289,5289,202
290,5290,169
291,5291,326
292,5292,291
293,5293,152
294,5294,431
295,5295,286
296,5296,240
297,5297,254
298,5298,150
299,5299,465
300,5300,271
301,5301,392
302,5302,392
303,5303,371
304,5304,246
305,5305,407
306,5306,281
307,5307,194
308,5308,308
309,5309,293
310,5310,494
311,5311,228
312,5312,352
313,5313,453
314,5314,180
315,5315,273
316,5316,456
317,5317,496
318,5318,315
319,5319,160
320,5320,435
321,5321,312
322,5322,345
323,5323,352
324,5324,258
325,5325,281
326,5326,188
327,5327,314
328,5328,300
329,5329,185
330,5330,258
331,5331,420
332,5332,212
333,5333,474
334,5334,150
335,5335,178
336,5336,467
337,5337,497
338,5338,409
339,5339,206
340,5340,440
341,5341,376
342,5342,275
343,5343,318
344,5344,175
345,5345,398
346,5346,253
347,5347,458
348,5348,287
349,5349,229
350,5350,378
351,5351,189
352,5352,460
353,5353,339
354,5354,476
355,5355,398
356,5356,330
357,5357,367
358,5358,308
359,5359,364
360,5360,165
361,5361,397
362,5362,348
363,5363,346
364,5364,436
365,5365,489
366,5366,276
367,5367,365
368,5368,377
369,5369,313
370,5370,268
371,5371,193
372,5372,389
373,5373,359
374,5374,277
375,5375,265
376,5376,206
377,5377,495
378,5378,431
379,5379,481
380,5380,348
381,5381,388
382,5382,154
383,5383,169
384,5384,172
385,5385,360
386,5386,342
387,5387,451
388,5388,359
389,5389,482
390,5390,201
391,5391,233
392,5392,470
393,5393,495
394,5394,277
395,5395,500
396,5396,356
397,5397,385
398,5398,164
399,5399,264
400,5400,490
401,5401,155
402,5402,410
403,5403,414
404,5404,369
405,5405,491
406,5406,462
407,5407,296
408,5408,466
409,5409,448
410,5410,178
411,5411,397
412,5412,380
413,5413,492
414,5414,183
415,5415,195
416,5416,180
417,5417,364
418,5418,446
419,5419,251
420,5420,373
421,5421,325
422,5422,463
423,5423,224
424,5424,238
425,5425,189
426,5426,456
427,5427,159
428,5428,200
429,5429,216
430,5430,303
431,5431,352
432,5432,237
433,5433,189
434,5434,368
435,5435,430
436,5436,244
437,5437,185
438,5438,331
439,5439,188
440,5440,165
441,5441,447
442,5442,296
443,5443,173
444,5444,269
445,5445,235
446,5446,301
447,5447,281
448,5448,280
449,5449,441
450,5450,389
451,5451,191
452,5452,239
453,5453,375
454,5454,445
455,5455,270
456,5456,339
457,5457,321
458,5458,430
459,5459,362
460,5460,163
461,5461,426
462,5462,458
463,5463,488
464,5464,244
465,5465,344
466,5466,335
467,5467,304
468,5468,280
469,5469,363
470,5470,213
471,5471,430
472,5472,425
473,5473,365
474,5474,217
475,5475,299
476,5476,449
477,5477,247
478,5478,252
479,5479,359
480,5480,299
481,5481,288
482,5482,220
483,5483,388
484,5484,240
485,5485,382
486,5486,450
487,5487,279
488,5488,343
489,5489,455
490,5490,326
491,5491,480
492,5492,348
493,5493,448
494,5494,233
495,5495,463
496,5496,165
497,5497,323
498,5498,301
499,5499,415
500,5500,323
501,5501,322
502,5502,382
503,5503,284
504,5504,359
505,5505,287
506,5506,363
507,5507,323
508,5508,292
509,5509,343
510,5510,222
511,5511,380
512,5512,420
513,5513,206
514,5514,239
515,5515,467
516,5516,500
517,5517,451
518,5518,456
519,5519,345
520,5520,447
521,5521,365
522,5522,376
523,5523,494
524,5524,283
525,5525,381
526,5526,460
527,5527,177
528,5528,270
529,5529,455
530,5530,303
531,5531,401
532,5532,439
533,5533,180
534,5534,209
535,5535,449
536,5536,284
537,5537,178
538,5538,486
539,5539,479
540,5540,296
541,5541,271
542,5542,221
543,5543,209
544,5544,377
545,5545,437
546,5546,398
547,5547,378
548,5548,322
549,5549,365
550,5550,410
551,5551,286
552,5552,348
553,5553,316
554,5554,162
555,5555,158
556,5556,317
557,5557,248
558,5558,449
559,5559,288
560,5560,388
561,5561,152
562,5562,386
563,5563,493
564,5564,152
565,5565,426
566,5566,236
567,5567,383
568,5568,340
569,5569,323
570,5570,282
571,5571,284
572,5572,226
573,5573,449
574,5574,230
575,5575,366
576,5576,213
577,5577,377
578,5578,359
579,5579,316
580,5580,277
581,5581,473
582,5582,241
583,5583,474
584,5584,451
585,5585,276
586,5586,159
587,5587,368
588,5588,485
589,5589,178
590,5590,433
591,5591,266
592,5592,409
593,5593,344
594,5594,397
595,5595,163
596,5596,420
597,5597,401
598,5598,455
599,5599,352
600,5600,430
601,5601,376
602,5602,415
603,5603,395
604,5604,336
605,5605,381
606,5606,283
607,5607,183
608,5608,223
609,5609,206
610,5610,176
611,5611,178
612,5612,328
613,5613,292
614,5614,222
615,5615,375
616,5616,350
617,5617,453
618,5618,293
619,5619,465
620,5620,482
621,5621,437
622,5622,228
623,5623,204
624,5624,345
625,5625,223
626,5626,474
627,5627,455
628,5628,305
629,5629,312
630,5630,160
631,5631,385
632,5632,392
633,5633,358
634,5634,228
635,5635,252
636,5636,211
637,5637,293
638,5638,221
639,5639,201
640,5640,309
641,5641,237
642,5642,172
643,5643,198
644,5644,289
645,5645,167
646,5646,160
647,5647,367
648,5648,446
649,5649,442
650,5650,464
651,5651,336
652,5652,163
653,5653,395
654,5654,414
655,5655,255
656,5656,288
657,5657,410
658,5658,198
659,5659,399
660,5660,395
661,5661,473
662,5662,309
663,5663,494
664,5664,197
665,5665,322
666,5666,201
667,5667,157
668,5668,499
669,5669,224
670,5670,188
671,5671,442
672,5672,295
673,5673,171
674,5674,392
675,5675,426
676,5676,172
677,5677,459
678,5678,478
679,5679,449
680,5680,438
681,5681,173
682,5682,166
683,5683,234
684,5684,471
685,5685,445
686,5686,418
687,5687,467
688,5688,467
689,5689,172
690,5690,243
691,5691,313
692,5692,196
693,5693,328
694,5694,170
695,5695,473
696,5696,194
697,5697,178
698,5698,391
699,5699,404
700,5700,273
701,5701,406
702,5702,385
703,5703,182
704,5704,211
705,5705,261
706,5706,256
707,5707,247
708,5708,163
709,5709,169
710,5710,266
711,5711,305
712,5712,375
713,5713,388
714,5714,470
715,5715,266
716,5716,315
717,5717,213
718,5718,211
719,5719,293
720,5720,323
721,5721,171
722,5722,348
723,5723,465
724,5724,351
725,5725,396
726,5726,401
727,5727,483
728,5728,266
729,5729,437
730,5730,397
731,5731,201
732,5732,409
733,5733,334
734,5734,253
735,5735,169
736,5736,426
737,5737,299
738,5738,328
739,5739,399
740,5740,279
741,5741,428
742,5742,218
743,5743,385
744,5744,433
745,5745,323
746,5746,281
747,5747,274
748,5748,494
749,5749,397
750,5750,168
751,5751,213
752,5752,237
753,5753,207
754,5754,409
755,5755,255
756,5756,372
757,5757,151
758,5758,323
759,5759,199
760,5760,151
761,5761,283
762,5762,292
763,5763,489
764,5764,248
765,5765,299
766,5766,500
767,5767,323
768,5768,347
769,5769,388
770,5770,225
771,5771,453
772,5772,270
773,5773,172
774,5774,429
775,5775,153
776,5776,279
777,5777,414
778,5778,473
779,5779,179
780,5780,434
781,5781,422
782,5782,292
783,5783,203
784,5784,430
785,5785,203
786,5786,415
787,5787,181
788,5788,499
789,5789,449
790,5790,312
791,5791,466
792,5792,225
793,5793,281
794,5794,346
795,5795,361
796,5796,213
797,5797,332
798,5798,251
799,5799,384
800,5800,247
801,5801,159
802,5802,376
803,5803,227
804,5804,327
805,5805,252
806,5806,174
807,5807,450
808,5808,444
809,5809,318
810,5810,464
811,5811,229
812,5812,283
813,5813,167
814,5814,364
815,5815,223
816,5816,438
817,5817,449
818,5818,272
819,5819,374
820,5820,207
821,5821,390
822,5822,221
823,5823,326
824,5824,304
825,5825,387
826,5826,208
827,5827,193
828,5828,200
829,5829,335
830,5830,211
831,5831,421
832,5832,369
833,5833,462
834,5834,457
835,5835,365
836,5836,189
837,5837,347
838,5838,453
839,5839,438
840,5840,436
841,5841,347
842,5842,375
843,5843,360
844,5844,384
845,5845,400
846,5846,157
847,5847,162
848,5848,432
849,5849,392
850,5850,364
851,5851,457
852,5852,356
853,5853,178
854,5854,429
855,5855,227
856,5856,242
857,5857,245
858,5858,154
859,5859,479
860,5860,465
861,5861,183
862,5862,370
863,5863,210
864,5864,236
865,5865,407
866,5866,239
867,5867,429
868,5868,203
869,5869,461
870,5870,326
871,5871,386
872,5872,158
873,5873,260
874,5874,412
875,5875,162
876,5876,199
877,5877,204
878,5878,399
879,5879,158
880,5880,192
881,5881,187
882,5882,385
883,5883,407
884,5884,493
885,5885,285
886,5886,452
887,5887,298
888,5888,247
889,5889,497
890,5890,423
891,5891,473
892,5892,232
893,5893,158
894,5894,265
895,5895,178
896,5896,438
897,5897,283
898,5898,446
899,5899,324
900,5900,342
901,5901,421
902,5902,253
903,5903,255
904,5904,442
905,5905,249
906,5906,257
907,5907,456
908,5908,153
909,5909,282
910,5910,356
911,5911,491
912,5912,330
913,5913,250
914,5914,306
915,5915,222
916,5916,399
917,5917,317
918,5918,272
919,5919,374
920,5920,404
921,5921,212
922,5922,227
923,5923,179
924,5924,420
925,5925,353
926,5926,429
927,5927,310
928,5928,191
929,5929,436
930,5930,457
931,5931,498
932,5932,311
933,5933,438
934,5934,313
935,5935,156
936,5936,431
937,5937,487
938,5938,379
939,5939,471
940,5940,244
941,5941,428
942,5942,463
943,5943,197
944,5944,191
945,5945,259
946,5946,379
947,5947,197
948,5948,205
949,5949,315
950,5950,224
951,5951,462
952,5952,294
953,5953,225
954,5954,189
955,5955,433
956,5956,166
957,5957,340
958,5958,386
959,5959,323
960,5960,328
961,5961,272
962,5962,379
963,5963,286
964,5964,288
965,5965,276
966,5966,166
967,5967,250
968,5968,292
969,5969,450
970,5970,249
971,5971,216
972,5972,427
973,5973,291
974,5974,352
975,5975,224
976,5976,446
977,5977,346
978,5978,417
979,5979,265
980,5980,498
981,5981,314
982,5982,234
983,5983,350
984,5984,364
985,5985,417
986,5986,312
987,5987,219
988,5988,443
989,5989,329
990,5990,307
991,5991,349
992,5992,419
993,5993,443
994,5994,178
995,5995,405
996,5996,245
997,5997,379
998,5998,426
999,5999,320
1000,6000,361
1001,6001,326
1002,6002,460
1003,6003,276
1004,6004,453
1005,6005,387
1006,6006,235
1007,6007,294
1008,6008,197
1009,6009,279
1010,6010,326
1011,6011,486
1012,6012,258
1013,6013,297
1014,6014,462
1015,6015,448
1016,6016,197
1017,6017,352
1018,6018,371
1019,6019,241
1020,6020,160
1021,6021,476
1022,6022,435
1023,6023,204
1024,6024,151
1025,6025,468
1026,6026,396
1027,6027,341
1028,6028,180
1029,6029,434
1030,6030,289
1031,6031,496
1032,6032,390
1033,6033,496
1034,6034,423
1035,6035,212
1036,6036,463
1037,6037,418
1038,6038,445
1039,6039,464
1040,6040,391
1041,6041,231
1042,6042,357
1043,6043,436
1044,6044,403
1045,6045,454
1046,6046,408
1047,6047,277
1048,6048,447
1049,6049,397
1050,6050,340
1051,6051,376
1052,6052,434
1053,6053,207
1054,6054,222
1055,6055,468
1056,6056,390
1057,6057,482
1058,6058,302
1059,6059,179
1060,6060,499
1061,6061,299
1062,6062,375
1063,6063,401
1064,6064,368
1065,6065,497
1066,6066,251
1067,6067,299
1068,6068,434
1069,6069,166
1070,6070,479
1071,6071,384
1072,6072,223
1073,6073,178
1074,6074,290
1075,6075,150
1076,6076,385
1077,6077,382
1078,6078,182
1079,6079,471
1080,6080,197
1081,6081,309
1082,6082,321
1083,6083,166
1084,6084,478
1085,6085,498
1086,6086,356
1087,6087,326
1088,6088,462
1089,6089,372
1090,6090,408
1091,6091,255
1092,6092,187
1093,6093,335
1094,6094,168
1095,6095,196
1096,6096,439
1097,6097,273
1098,6098,429
1099,6099,173
1100,6100,219
1101,6101,419
1102,6102,156
1103,6103,481
1104,6104,337
1105,6105,153
1106,6106,391
1107,6107,377
1108,6108,485
1109,6109,192
1110,6110,438
1111,6111,475
1112,6112,328
1113,6113,255
1114,6114,475
1115,6115,193
1116,6116,251
1117,6117,297
1118,6118,492
1119,6119,263
1120,6120,181
1121,6121,344
1122,6122,376
1123,6123,233
1124,6124,246
1125,6125,488
1126,6126,223
1127,6127,256
1128,6128,204
1129,6129,166
1130,6130,406
1131,6131,452
1132,6132,236
1133,6133,179
1134,6134,199
1135,6135,176
1136,6136,467
1137,6137,452
1138,6138,442
1139,6139,303
1140,6140,438
1141,6141,470
1142,6142,321
1143,6143,356
1144,6144,270
1145,6145,341
1146,6146,399
1147,6147,348
1148,6148,447
1149,6149,174
1150,6150,159
1151,6151,412
1152,6152,341
1153,6153,179
1154,6154,382
1155,6155,336
1156,6156,235
1157,6157,357
1158,6158,460
1159,6159,373
1160,6160,499
1161,6161,418
1162,6162,272
1163,6163,170
1164,6164,156
1165,6165,316
1166,6166,462
1167,6167,333
1168,6168,274
1169,6169,250
1170,6170,159
1171,6171,387
1172,6172,333
1173,6173,303
1174,6174,423
1175,6175,324
1176,6176,455
1177,6177,404
1178,6178,285
1179,6179,486
1180,6180,257
1181,6181,278
1182,6182,393
1183,6183,405
1184,6184,293
1185,6185,374
1186,6186,349
1187,6187,426
1188,6188,361
1189,6189,456
1190,6190,226
1191,6191,496
1192,6192,385
1193,6193,205
1194,6194,176
1195,6195,163
1196,6196,320
1197,6197,249
1198,6198,245
1199,6199,434
1200,6200,435
1201,6201,307
1202,6202,230
1203,6203,252
1204,6204,299
1205,6205,295
1206,6206,268
1207,6207,390
1208,6208,236
1209,6209,171
1210,6210,282
1211,6211,444
1212,6212,467
1213,6213,252
1214,6214,154
1215,6215,436
1216,6216,499
1217,6217,221
1218,6218,242
1219,6219,480
1220,6220,211
1221,6221,250
1222,6222,243
1223,6223,243
1224,6224,250
1225,6225,312
1226,6226,334
1227,6227,208
1228,6228,420
1229,6229,500
1230,6230,421
1231,6231,232
1232,6232,329
1233,6233,188
1234,6234,331
1235,6235,294
1236,6236,257
1237,6237,443
1238,6238,177
1239,6239,340
1240,6240,375
1241,6241,182
1242,6242,167
1243,6243,195
1244,6244,226
1245,6245,477
1246,6246,202
1247,6247,198
1248,6248,202
1249,6249,403
1250,6250,296
1251,6251,299
1252,6252,416
1253,6253,393
1254,6254,162
1255,6255,335
1256,6256,272
1257,6257,318
1258,6258,381
1259,6259,469
1260,6260,164
1261,6261,215
1262,6262,296
1263,6263,415
1264,6264,351
1265,6265,440
1266,6266,433
1267,6267,363
1268,6268,253
1269,6269,468
1270,6270,457
1271,6271,222
1272,6272,268
1273,6273,195
1274,6274,400
1275,6275,370
1276,6276,491
1277,6277,373
1278,6278,316
1279,6279,408
1280,6280,491
1281,6281,211
1282,6282,349
1283,6283,194
1284,6284,477
1285,6285,211
1286,6286,257
1287,6287,478
1288,6288,251
1289,6289,368
1290,6290,362
1291,6291,234
1292,6292,392
1293,6293,328
1294,6294,360
1295,6295,460
1296,6296,179
1297,6297,207
1298,6298,367
1299,6299,190
1300,6300,462
1301,6301,475
1302,6302,160
1303,6303,386
1304,6304,337
1305,6305,295
1306,6306,436
1307,6307,266
1308,6308,174
1309,6309,396
1310,6310,211
1311,6311,492
1312,6312,443
1313,6313,280
1314,6314,461
1315,6315,479
1316,6316,199
1317,6317,493
1318,6318,468
1319,6319,159
1320,6320,443
1321,6321,449
1322,6322,248
1323,6323,197
1324,6324,424
1325,6325,440
1326,6326,217
1327,6327,440
1328,6328,434
1329,6329,234
1330,6330,245
1331,6331,167
1332,6332,175
1333,6333,222
1334,6334,418
1335,6335,353
1336,6336,171
1337,6337,224
1338,6338,416
1339,6339,254
1340,6340,291
1341,6341,500
1342,6342,208
1343,6343,260
1344,6344,296
1345,6345,183
1346,6346,465
1347,6347,298
1348,6348,494
1349,6349,249
1350,6350,274
1351,6351,314
1352,6352,475
1353,6353,456
1354,6354,285
1355,6355,415
1356,6356,228
1357,6357,392
1358,6358,206
1359,6359,387
1360,6360,332
1361,6361,296
1362,6362,203
1363,6363,179
1364,6364,175
1365,6365,153
1366,6366,162
1367,6367,439
1368,6368,341
1369,6369,265
1370,6370,347
1371,6371,441
1372,6372,476
1373,6373,227
1374,6374,221
1375,6375,445
1376,6376,151
1377,6377,270
1378,6378,392
1379,6379,374
1380,6380,283
1381,6381,321
1382,6382,227
1383,6383,174
1384,6384,315
1385,6385,435
1386,6386,450
1387,6387,431
1388,6388,288
1389,6389,347
1390,6390,309
1391,6391,166
1392,6392,313
1393,6393,337
1394,6394,203
1395,6395,381
1396,6396,170
1397,6397,339
1398,6398,179
1399,6399,293
1400,6400,379
1401,6401,339
1402,6402,231
1403,6403,459
1404,6404,293
1405,6405,358
1406,6406,245
1407,6407,380
1408,6408,451
1409,6409,261
1410,6410,260
1411,6411,162
1412,6412,229
1413,6413,426
1414,6414,164
1415,6415,271
1416,6416,232
1417,6417,165
1418,6418,334
1419,6419,476
1420,6420,325
1421,6421,337
1422,6422,246
1423,6423,444
1424,6424,165
1425,6425,354
1426,6426,203
1427,6427,172
1428,6428,380
1429,6429,180
1430,6430,202
1431,6431,457
1432,6432,422
1433,6433,308
1434,6434,299
1435,6435,193
1436,6436,411
1437,6437,348
1438,6438,266
1439,6439,190
1440,6440,322
1441,6441,475
1442,6442,326
1443,6443,183
1444,6444,386
1445,6445,292
1446,6446,411
1447,6447,426
1448,6448,204
1449,6449,378
1450,6450,476
1451,6451,282
1452,6452,218
1453,6453,265
1454,6454,363
1455,6455,166
1456,6456,264
1457,6457,489
1458,6458,328
1459,6459,458
1460,6460,491
1461,6461,360
1462,6462,306
1463,6463,243
1464,6464,218
1465,6465,314
1466,6466,296
1467,6467,290
1468,6468,152
1469,6469,333
1470,6470,355
1471,6471,176
1472,6472,230
1473,6473,379
1474,6474,352
1475,6475,385
1476,6476,412
1477,6477,393
1478,6478,174
1479,6479,426
1480,6480,196
1481,6481,490
1482,6482,334
1483,6483,191
1484,6484,401
1485,6485,192
1486,6486,391
1487,6487,452
1488,6488,290
1489,6489,274
1490,6490,299
1491,6491,198
1492,6492,377
1493,6493,243
1494,6494,481
1495,6495,159
1496,6496,476
1497,6497,377
1498,6498,341
1499,6499,186
1500,6500,359
1501,6501,410
1502,6502,435
1503,6503,371
1504,6504,377
1505,6505,370
1506,6506,394
1507,6507,158
1508,6508,281
1509,6509,460
1510,6510,485
1511,6511,295
1512,6512,214
1513,6513,176
1514,6514,251
1515,6515,344
1516,6516,427
1517,6517,287
1518,6518,177
1519,6519,390
1520,6520,214
1521,6521,431
1522,6522,316
1523,6523,251
1524,6524,454
1525,6525,275
1526,6526,168
1527,6527,311
1528,6528,163
1529,6529,301
1530,6530,446
1531,6531,452
1532,6532,495
1533,6533,265
1534,6534,160
1535,6535,179
1536,6536,252
1537,6537,165
1538,6538,207
1539,6539,276
1540,6540,269
1541,6541,249
1542,6542,332
1543,6543,290
1544,6544,194
1545,6545,393
1546,6546,275
1547,6547,398
1548,6548,164
1549,6549,296
1550,6550,339
1551,6551,455
1552,6552,157
1553,6553,163
1554,6554,460
1555,6555,377
1556,6556,209
1557,6557,231
1558,6558,376
1559,6559,298
1560,6560,204
1561,6561,336
1562,6562,318
1563,6563,311
1564,6564,380
1565,6565,300
1566,6566,200
1567,6567,496
1568,6568,283
1569,6569,494
1570,6570,334
1571,6571,497
1572,6572,158
1573,6573,150
1574,6574,438
1575,6575,412
1576,6576,282
1577,6577,317
1578,6578,343
1579,6579,172
1580,6580,240
1581,6581,486
1582,6582,200
1583,6583,471
1584,6584,420
1585,6585,303
1586,6586,374
1587,6587,287
1588,6588,201
1589,6589,378
1590,6590,152
1591,6591,419
1592,6592,229
1593,6593,356
1594,6594,408
1595,6595,358
1596,6596,309
1597,6597,316
1598,6598,273
1599,6599,489
1600,6600,420
1601,6601,291
1602,6602,378
1603,6603,281
1604,6604,426
1605,6605,183
1606,6606,268
1607,6607,214
1608,6608,328
1609,6609,334
1610,6610,469
1611,6611,365
1612,6612,179
1613,6613,161
1614,6614,302
1615,6615,412
1616,6616,313
1617,6617,270
1618,6618,386
1619,6619,178
1620,6620,426
1621,6621,217
1622,6622,364
1623,6623,328
1624,6624,359
1625,6625,299
1626,6626,426
1627,6627,430
1628,6628,238
1629,6629,500
1630,6630,273
1631,6631,311
1632,6632,211
1633,6633,304
1634,6634,264
1635,6635,381
1636,6636,261
1637,6637,267
1638,6638,462
1639,6639,329
1640,6640,398
1641,6641,317
1642,6642,172
1643,6643,413
1644,6644,328
1645,6645,344
1646,6646,230
1647,6647,237
1648,6648,249
1649,6649,456
1650,6650,345
1651,6651,431
1652,6652,306
1653,6653,171
1654,6654,479
1655,6655,293
1656,6656,213
1657,6657,207
1658,6658,221
1659,6659,173
1660,6660,419
1661,6661,181
1662,6662,236
1663,6663,307
1664,6664,431
1665,6665,228
1666,6666,180
1667,6667,404
1668,6668,329
1669,6669,172
1670,6670,448
1671,6671,154
1672,6672,337
1673,6673,183
1674,6674,424
1675,6675,345
1676,6676,338
1677,6677,345
1678,6678,308
1679,6679,242
1680,6680,247
1681,6681,315
1682,6682,313
1683,6683,386
1684,6684,396
1685,6685,489
1686,6686,183
1687,6687,458
1688,6688,353
1689,6689,406
1690,6690,431
1691,6691,420
1692,6692,314
1693,6693,313
1694,6694,469
1695,6695,343
1696,6696,308
1697,6697,241
1698,6698,373
1699,6699,419
1700,6700,281
1701,6701,419
1702,6702,294
1703,6703,341
1704,6704,497
1705,6705,363
1706,6706,151
1707,6707,423
1708,6708,432
1709,6709,461
1710,6710,364
1711,6711,380
1712,6712,429
1713,6713,321
1714,6714,252
1715,6715,337
1716,6716,461
1717,6717,212
1718,6718,307
1719,6719,160
1720,6720,235
1721,6721,420
1722,6722,359
1723,6723,222
1724,6724,185
1725,6725,237
1726,6726,452
1727,6727,409
1728,6728,175
1729,6729,357
1730,6730,393
1731,6731,468
1732,6732,225
1733,6733,379
1734,6734,471
1735,6735,337
1736,6736,418
1737,6737,277
1738,6738,246
1739,6739,415
1740,6740,416
1741,6741,499
1742,6742,285
1743,6743,219
1744,6744,394
1745,6745,178
1746,6746,170
1747,6747,388
1748,6748,220
1749,6749,338
1750,6750,251
1751,6751,422
1752,6752,397
1753,6753,468
1754,6754,300
1755,6755,196
1756,6756,402
1757,6757,286
1758,6758,202
1759,6759,360
1760,6760,264
1761,6761,294
1762,6762,400
1763,6763,320
1764,6764,316
1765,6765,411
1766,6766,374
1767,6767,196
1768,6768,408
1769,6769,422
1770,6770,191
1771,6771,339
1772,6772,300
1773,6773,365
1774,6774,179
1775,6775,389
1776,6776,498
1777,6777,150
1778,6778,267
1779,6779,369
1780,6780,242
1781,6781,181
1782,6782,475
1783,6783,485
1784,6784,441
1785,6785,276
1786,6786,186
1787,6787,400
1788,6788,449
1789,6789,435
1790,6790,477
1791,6791,488
1792,6792,360
1793,6793,407
1794,6794,369
1795,6795,225
1796,6796,481
1797,6797,283
1798,6798,221
1799,6799,264
1800,6800,173
1801,6801,177
1802,6802,208
1803,6803,458
1804,6804,331
1805,6805,251
1806,6806,232
1807,6807,269
1808,6808,162
1809,6809,238
1810,6810,249
1811,6811,471
1812,6812,268
1813,6813,396
1814,6814,401
1815,6815,297
1816,6816,318
1817,6817,278
1818,6818,300
1819,6819,187
1820,6820,376
1821,6821,434
1822,6822,386
1823,6823,458
1824,6824,275
1825,6825,212
1826,6826,497
1827,6827,349
1828,6828,286
1829,6829,408
1830,6830,400
1831,6831,414
1832,6832,190
1833,6833,197
1834,6834,208
1835,6835,271
1836,6836,367
1837,6837,479
1838,6838,264
1839,6839,260
1840,6840,451
1841,6841,359
1842,6842,368
1843,6843,268
1844,6844,157
1845,6845,451
1846,6846,222
1847,6847,174
1848,6848,279
1849,6849,222
1850,6850,217
1851,6851,494
1852,6852,220
1853,6853,269
1854,6854,366
1855,6855,250
1856,6856,294
1857,6857,275
1858,6858,465
1859,6859,246
1860,6860,393
1861,6861,405
1862,6862,214
1863,6863,472
1864,6864,500
1865,6865,359
1866,6866,253
1867,6867,384
1868,6868,374
1869,6869,406
1870,6870,420
1871,6871,488
1872,6872,293
1873,6873,257
1874,6874,421
1875,6875,315
1876,6876,361
1877,6877,332
1878,6878,186
1879,6879,327
1880,6880,186
1881,6881,473
1882,6882,415
1883,6883,310
1884,6884,393
1885,6885,483
1886,6886,249
1887,6887,312
1888,6888,450
1889,6889,166
1890,6890,464
1891,6891,227
1892,6892,180
1893,6893,150
1894,6894,329
1895,6895,241
1896,6896,176
1897,6897,167
1898,6898,230
1899,6899,404
1900,6900,295
1901,6901,314
1902,6902,356
1903,6903,337
1904,6904,304
1905,6905,397
1906,6906,484
1907,6907,167
1908,6908,167
1909,6909,478
1910,6910,270
1911,6911,236
1912,6912,440
1913,6913,323
1914,6914,471
1915,6915,155
1916,6916,271
1917,6917,445
1918,6918,264
1919,6919,483
1920,6920,275
1921,6921,379
1922,6922,314
1923,6923,439
1924,6924,181
1925,6925,500
1926,6926,417
1927,6927,413
1928,6928,366
1929,6929,163
1930,6930,271
1931,6931,356
1932,6932,375
1933,6933,264
1934,6934,374
1935,6935,380
1936,6936,213
1937,6937,161
1938,6938,168
1939,6939,497
1940,6940,250
1941,6941,364
1942,6942,156
1943,6943,296
1944,6944,245
1945,6945,163
1946,6946,460
1947,6947,312
1948,6948,283
1949,6949,281
1950,6950,187
1951,6951,183
1952,6952,392
1953,6953,430
1954,6954,364
1955,6955,438
1956,6956,487
1957,6957,215
1958,6958,240
1959,6959,287
1960,6960,332
1961,6961,266
1962,6962,255
1963,6963,405
1964,6964,230
1965,6965,472
1966,6966,344
1967,6967,424
1968,6968,177
1969,6969,435
1970,6970,472
1971,6971,203
1972,6972,399
1973,6973,485
1974,6974,459
1975,6975,269
1976,6976,197
1977,6977,476
1978,6978,365
1979,6979,445
1980,6980,241
1981,6981,471
1982,6982,244
1983,6983,180
1984,6984,178
1985,6985,256
1986,6986,299
1987,6987,172
1988,6988,288
1989,6989,418
1990,6990,216
1991,6991,338
1992,6992,463
1993,6993,337
1994,6994,498
1995,6995,193
1996,6996,311
1997,6997,258
1998,6998,476
1999,6999,295
2000,7000,428
2001,7001,152
2002,7002,274
2003,7003,323
2004,7004,166
2005,7005,418
2006,7006,154
2007,7007,342
2008,7008,389
2009,7009,289
2010,7010,183
2011,7011,316
2012,7012,457
2013,7013,150
2014,7014,358
2015,7015,382
2016,7016,257
2017,7017,499
2018,7018,219
2019,7019,157
2020,7020,333
2021,7021,339
2022,7022,435
2023,7023,413
2024,7024,150
2025,7025,244
2026,7026,153
2027,7027,433
2028,7028,498
2029,7029,449
2030,7030,168
2031,7031,361
2032,7032,219
2033,7033,226
2034,7034,480
2035,7035,474
2036,7036,322
2037,7037,331
2038,7038,359
2039,7039,245
2040,7040,414
2041,7041,419
2042,7042,245
2043,7043,197
2044,7044,292
2045,7045,471
2046,7046,244
2047,7047,331
2048,7048,488
2049,7049,357
2050,7050,275
2051,7051,274
2052,7052,229
2053,7053,211
2054,7054,498
2055,7055,398
2056,7056,153
2057,7057,444
2058,7058,172
2059,7059,214
2060,7060,480
2061,7061,207
2062,7062,366
2063,7063,478
2064,7064,231
2065,7065,221
2066,7066,262
2067,7067,362
2068,7068,204
2069,7069,179
2070,7070,452
2071,7071,457
2072,7072,430
2073,7073,450
2074,7074,239
2075,7075,333
2076,7076,307
2077,7077,350
2078,7078,296
2079,7079,473
2080,7080,366
2081,7081,283
2082,7082,192
2083,7083,212
2084,7084,322
2085,7085,369
2086,7086,421
2087,7087,276
2088,7088,402
2089,7089,218
2090,7090,164
2091,7091,215
2092,7092,423
2093,7093,476
2094,7094,353
2095,7095,483
2096,7096,221
2097,7097,408
2098,7098,459
2099,7099,336
2100,7100,343
2101,7101,343
2102,7102,453
2103,7103,387
2104,7104,414
2105,7105,161
2106,7106,351
2107,7107,218
2108,7108,499
2109,7109,392
2110,7110,450
2111,7111,450
2112,7112,326
2113,7113,221
2114,7114,214
2115,7115,247
2116,7116,176
2117,7117,239
2118,7118,489
2119,7119,279
2120,7120,331
2121,7121,477
2122,7122,492
2123,7123,332
2124,7124,227
2125,7125,252
2126,7126,164
2127,7127,464
2128,7128,301
2129,7129,451
2130,7130,184
2131,7131,232
2132,7132,344
2133,7133,452
2134,7134,331
2135,7135,426
2136,7136,380
2137,7137,244
2138,7138,201
2139,7139,169
2140,7140,440
2141,7141,326
2142,7142,383
2143,7143,151
2144,7144,416
2145,7145,287
2146,7146,378
2147,7147,155
2148,7148,313
2149,7149,374
2150,7150,449
2151,7151,220
2152,7152,245
2153,7153,445
2154,7154,440
2155,7155,344
2156,7156,162
2157,7157,220
2158,7158,348
2159,7159,488
2160,7160,343
2161,7161,221
2162,7162,276
2163,7163,197
2164,7164,186
2165,7165,180
2166,7166,422
2167,7167,340
2168,7168,181
2169,7169,189
2170,7170,464
2171,7171,358
2172,7172,496
2173,7173,278
2174,7174,395
2175,7175,259
2176,7176,268
2177,7177,347
2178,7178,422
2179,7179,462
2180,7180,318
2181,7181,180
2182,7182,500
2183,7183,175
2184,7184,268
2185,7185,397
2186,7186,439
2187,7187,465
2188,7188,383
2189,7189,441
2190,7190,422
2191,7191,278
2192,7192,269
2193,7193,326
2194,7194,439
2195,7195,391
2196,7196,394
2197,7197,461
2198,7198,324
2199,7199,303
2200,7200,471
2201,7201,281
2202,7202,403
2203,7203,179
2204,7204,478
2205,7205,349
2206,7206,429
2207,7207,395
2208,7208,210
2209,7209,490
2210,7210,180
2211,7211,489
2212,7212,268
2213,7213,486
2214,7214,306
2215,7215,437
2216,7216,436
2217,7217,472
2218,7218,484
2219,7219,201
2220,7220,322
2221,7221,367
2222,7222,170
2223,7223,422
2224,7224,221
2225,7225,466
2226,7226,485
2227,7227,468
2228,7228,283
2229,7229,347
2230,7230,402
2231,7231,286
2232,7232,294
2233,7233,460
2234,7234,278
2235,7235,454
2236,7236,403
2237,7237,426
2238,7238,199
2239,7239,474
2240,7240,239
2241,7241,424
2242,7242,314
2243,7243,381
2244,7244,225
2245,7245,179
2246,7246,284
2247,7247,497
2248,7248,357
2249,7249,167
2250,7250,425
2251,7251,422
2252,7252,465
2253,7253,334
2254,7254,483
2255,7255,274
2256,7256,251
2257,7257,340
2258,7258,232
2259,7259,446
2260,7260,197
2261,7261,159
2262,7262,391
2263,7263,203
2264,7264,339
2265,7265,391
2266,7266,205
2267,7267,473
2268,7268,367
2269,7269,155
2270,7270,405
2271,7271,413
2272,7272,415
2273,7273,496
2274,7274,299
2275,7275,267
2276,7276,270
2277,7277,285
2278,7278,387
2279,7279,240
2280,7280,397
2281,7281,347
2282,7282,309
2283,7283,205
2284,7284,401
2285,7285,155
2286,7286,402
2287,7287,159
2288,7288,391
2289,7289,276
2290,7290,171
2291,7291,405
2292,7292,332
2293,7293,476
2294,7294,259
2295,7295,334
2296,7296,383
2297,7297,497
2298,7298,415
2299,7299,164
2300,7300,248
2301,7301,428
2302,7302,365
2303,7303,220
2304,7304,289
2305,7305,382
2306,7306,185
2307,7307,155
2308,7308,212
2309,7309,412
2310,7310,407
2311,7311,425
2312,7312,286
2313,7313,452
2314,7314,470
2315,7315,230
2316,7316,367
2317,7317,385
2318,7318,466
2319,7319,372
2320,7320,470
2321,7321,399
2322,7322,171
2323,7323,303
2324,7324,399
2325,7325,299
2326,7326,457
2327,7327,326
2328,7328,263
2329,7329,400
2330,7330,246
2331,7331,446
2332,7332,224
2333,7333,356
2334,7334,356
2335,7335,271
2336,7336,313
2337,7337,353
2338,7338,323
2339,7339,253
2340,7340,382
2341,7341,312
2342,7342,152
2343,7343,325
2344,7344,280
2345,7345,215
2346,7346,456
2347,7347,275
2348,7348,217
2349,7349,291
2350,7350,304
2351,7351,181
2352,7352,402
2353,7353,217
2354,7354,255
2355,7355,293
2356,7356,354
2357,7357,170
2358,7358,300
2359,7359,281
2360,7360,455
2361,7361,353
2362,7362,419
2363,7363,478
2364,7364,353
2365,7365,441
2366,7366,234
2367,7367,198
2368,7368,310
2369,7369,456
2370,7370,167
2371,7371,473
2372,7372,411
2373,7373,225
2374,7374,190
2375,7375,199
2376,7376,451
2377,7377,252
2378,7378,273
2379,7379,379
2380,7380,190
2381,7381,232
2382,7382,434
2383,7383,167
2384,7384,327
2385,7385,222
2386,7386,211
2387,7387,432
2388,7388,296
2389,7389,482
2390,7390,240
2391,7391,464
2392,7392,205
2393,7393,211
2394,7394,420
2395,7395,244
2396,7396,435
2397,7397,332
2398,7398,361
2399,7399,340
2400,7400,269
2401,7401,493
2402,7402,389
2403,7403,261
2404,7404,419
2405,7405,443
2406,7406,152
2407,7407,197
2408,7408,396
2409,7409,261
2410,7410,163
2411,7411,220
2412,7412,387
2413,7413,452
2414,7414,257
2415,7415,297
2416,7416,420
2417,7417,496
2418,7418,317
2419,7419,416
2420,7420,270
2421,7421,386
2422,7422,192
2423,7423,184
2424,7424,471
2425,7425,186
2426,7426,397
2427,7427,253
2428,7428,265
2429,7429,498
2430,7430,386
2431,7431,478
2432,7432,165
2433,7433,422
2434,7434,206
2435,7435,255
2436,7436,240
2437,7437,347
2438,7438,311
2439,7439,215
2440,7440,432
2441,7441,243
2442,7442,233
2443,7443,170
2444,7444,403
2445,7445,432
2446,7446,500
2447,7447,292
2448,7448,401
2449,7449,200
2450,7450,342
2451,7451,428
2452,7452,378
2453,7453,306
2454,7454,408
2455,7455,306
2456,7456,313
2457,7457,375
2458,7458,260
2459,7459,237
2460,7460,252
2461,7461,247
2462,7462,189
2463,7463,192
2464,7464,361
2465,7465,173
2466,7466,391
2467,7467,341
2468,7468,309
2469,7469,157
2470,7470,179
2471,7471,254
2472,7472,265
2473,7473,384
2474,7474,420
2475,7475,389
2476,7476,476
2477,7477,166
2478,7478,255
2479,7479,283
2480,7480,166
2481,7481,485
2482,7482,295
2483,7483,229
2484,7484,305
2485,7485,240
2486,7486,250
2487,7487,443
2488,7488,434
2489,7489,236
2490,7490,263
2491,7491,157
2492,7492,494
2493,7493,201
2494,7494,340
2495,7495,491
2496,7496,340
2497,7497,351
2498,7498,314
2499,7499,322
2500,7500,306
2501,7501,382
2502,7502,271
2503,7503,463
2504,7504,290
2505,7505,369
2506,7506,328
2507,7507,296
2508,7508,270
2509,7509,252
2510,7510,395
2511,7511,231
2512,7512,231
2513,7513,377
2514,7514,258
2515,7515,328
2516,7516,282
2517,7517,384
2518,7518,268
2519,7519,273
2520,7520,497
2521,7521,488
2522,7522,298
2523,7523,364
2524,7524,154
2525,7525,244
2526,7526,353
2527,7527,251
2528,7528,486
2529,7529,218
2530,7530,320
2531,7531,358
2532,7532,252
2533,7533,387
2534,7534,406
2535,7535,223
2536,7536,499
2537,7537,489
2538,7538,288
2539,7539,500
2540,7540,491
2541,7541,491
2542,7542,437
2543,7543,312
2544,7544,486
2545,7545,480
2546,7546,483
2547,7547,187
2548,7548,336
2549,7549,317
2550,7550,201
2551,7551,174
2552,7552,173
2553,7553,374
2554,7554,221
2555,7555,404
2556,7556,414
2557,7557,492
2558,7558,405
2559,7559,194
2560,7560,167
2561,7561,307
2562,7562,209
2563,7563,273
2564,7564,187
2565,7565,445
2566,7566,358
2567,7567,238
2568,7568,357
2569,7569,480
2570,7570,256
2571,7571,284
2572,7572,491
2573,7573,374
2574,7574,158
2575,7575,462
2576,7576,187
2577,7577,190
2578,7578,151
2579,7579,412
2580,7580,249
2581,7581,265
2582,7582,299
2583,7583,438
2584,7584,375
2585,7585,225
2586,7586,156
2587,7587,375
2588,7588,460
2589,7589,223
2590,7590,366
2591,7591,230
2592,7592,236
2593,7593,457
2594,7594,229
2595,7595,499
2596,7596,225
2597,7597,156
2598,7598,421
2599,7599,176
2600,7600,346
2601,7601,234
2602,7602,408
2603,7603,337
2604,7604,342
2605,7605,253
2606,7606,476
2607,7607,456
2608,7608,206
2609,7609,159
2610,7610,212
2611,7611,421
2612,7612,433
2613,7613,422
2614,7614,295
2615,7615,500
2616,7616,183
2617,7617,459
2618,7618,366
2619,7619,399
2620,7620,377
2621,7621,299
2622,7622,339
2623,7623,376
2624,7624,413
2625,7625,294
2626,7626,242
2627,7627,394
2628,7628,341
2629,7629,268
2630,7630,454
2631,7631,369
2632,7632,485
2633,7633,182
2634,7634,445
2635,7635,475
2636,7636,477
2637,7637,304
2638,7638,320
2639,7639,361
2640,7640,275
2641,7641,161
2642,7642,389
2643,7643,397
2644,7644,359
2645,7645,224
2646,7646,392
2647,7647,181
2648,7648,488
2649,7649,198
2650,7650,477
2651,7651,323
2652,7652,179
2653,7653,187
2654,7654,204
2655,7655,261
2656,7656,437
2657,7657,445
2658,7658,371
2659,7659,390
2660,7660,177
2661,7661,334
2662,7662,169
2663,7663,172
2664,7664,374
2665,7665,262
2666,7666,271
2667,7667,338
2668,7668,272
2669,7669,197
2670,7670,450
2671,7671,278
2672,7672,201
2673,7673,403
2674,7674,491
2675,7675,256
2676,7676,226
2677,7677,375
2678,7678,427
2679,7679,242
2680,7680,400
2681,7681,243
2682,7682,489
2683,7683,177
2684,7684,191
2685,7685,215
2686,7686,362
2687,7687,193
2688,7688,184
2689,7689,161
2690,7690,310
2691,7691,240
2692,7692,280
2693,7693,387
2694,7694,498
2695,7695,268
2696,7696,224
2697,7697,347
2698,7698,458
2699,7699,367
2700,7700,175
2701,7701,478
2702,7702,411
2703,7703,418
2704,7704,391
2705,7705,313
2706,7706,201
2707,7707,424
2708,7708,307
2709,7709,310
2710,7710,240
2711,7711,322
2712,7712,176
2713,7713,162
2714,7714,427
2715,7715,268
2716,7716,468
2717,7717,452
2718,7718,244
2719,7719,215
2720,7720,201
2721,7721,348
2722,7722,181
2723,7723,195
2724,7724,178
2725,7725,367
2726,7726,332
2727,7727,153
2728,7728,384
2729,7729,364
2730,7730,479
2731,7731,351
2732,7732,340
2733,7733,467
2734,7734,326
2735,7735,196
2736,7736,492
2737,7737,315
2738,7738,363
2739,7739,392
2740,7740,275
2741,7741,334
2742,7742,221
2743,7743,378
2744,7744,155
2745,7745,207
2746,7746,314
2747,7747,492
2748,7748,338
2749,7749,305
2750,7750,248
2751,7751,265
2752,7752,360
2753,7753,322
2754,7754,412
2755,7755,469
2756,7756,480
2757,7757,314
2758,7758,486
2759,7759,203
2760,7760,492
2761,7761,494
2762,7762,190
2763,7763,389
2764,7764,369
2765,7765,266
2766,7766,152
2767,7767,387
2768,7768,436
2769,7769,284
2770,7770,400
2771,7771,303
2772,7772,435
2773,7773,227
2774,7774,262
2775,7775,151
2776,7776,317
2777,7777,346
2778,7778,378
2779,7779,431
2780,7780,399
2781,7781,461
2782,7782,287
2783,7783,391
2784,7784,155
2785,7785,367
2786,7786,176
2787,7787,415
2788,7788,211
2789,7789,233
2790,7790,471
2791,7791,453
2792,7792,423
2793,7793,423
2794,7794,162
2795,7795,485
2796,7796,282
2797,7797,430
2798,7798,204
2799,7799,449
2800,7800,403
2801,7801,289
2802,7802,376
2803,7803,341
2804,7804,420
2805,7805,262
2806,7806,213
2807,7807,391
2808,7808,406
2809,7809,316
2810,7810,264
2811,7811,419
2812,7812,192
2813,7813,175
2814,7814,191
2815,7815,496
2816,7816,478
2817,7817,355
2818,7818,209
2819,7819,281
2820,7820,234
2821,7821,358
2822,7822,151
2823,7823,499
2824,7824,161
2825,7825,217
2826,7826,223
2827,7827,236
2828,7828,329
2829,7829,352
2830,7830,417
2831,7831,389
2832,7832,324
2833,7833,306
2834,7834,371
2835,7835,166
2836,7836,322
2837,7837,214
2838,7838,372
2839,7839,496
2840,7840,372
2841,7841,314
2842,7842,155
2843,7843,468
2844,7844,239
2845,7845,295
2846,7846,482
2847,7847,166
2848,7848,202
2849,7849,185
2850,7850,439
2851,7851,432
2852,7852,293
2853,7853,244
2854,7854,256
2855,7855,335
2856,7856,316
2857,7857,334
2858,7858,433
2859,7859,361
2860,7860,460
2861,7861,246
2862,7862,453
2863,7863,231
2864,7864,432
2865,7865,313
2866,7866,228
2867,7867,209
2868,7868,183
2869,7869,448
2870,7870,241
2871,7871,162
2872,7872,302
2873,7873,437
2874,7874,188
2875,7875,327
2876,7876,233
2877,7877,336
2878,7878,457
2879,7879,387
2880,7880,466
2881,7881,284
2882,7882,451
2883,7883,438
2884,7884,289
2885,7885,391
2886,7886,423
2887,7887,257
2888,7888,236
2889,7889,376
2890,7890,230
2891,7891,485
2892,7892,279
2893,7893,415
2894,7894,174
2895,7895,256
2896,7896,353
2897,7897,433
2898,7898,209
2899,7899,361
2900,7900,445
2901,7901,364
2902,7902,386
2903,7903,390
2904,7904,196
2905,7905,469
2906,7906,177
2907,7907,429
2908,7908,341
2909,7909,423
2910,7910,222
2911,7911,292
2912,7912,201
2913,7913,315
2914,7914,459
2915,7915,220
2916,7916,376
2917,7917,181
2918,7918,171
2919,7919,416
2920,7920,167
2921,7921,400
2922,7922,340
2923,7923,361
2924,7924,214
2925,7925,159
2926,7926,195
2927,7927,164
2928,7928,407
2929,7929,200
2930,7930,317
2931,7931,411
2932,7932,461
2933,7933,442
2934,7934,169
2935,7935,401
2936,7936,394
2937,7937,283
2938,7938,485
2939,7939,366
2940,7940,161
2941,7941,480
2942,7942,357
2943,7943,329
2944,7944,406
2945,7945,395
2946,7946,194
2947,7947,235
2948,7948,228
2949,7949,316
2950,7950,486
2951,7951,413
2952,7952,319
2953,7953,236
2954,7954,389
2955,7955,189
2956,7956,158
2957,7957,303
2958,7958,315
2959,7959,481
2960,7960,318
2961,7961,192
2962,7962,455
2963,7963,250
2964,7964,192
2965,7965,406
2966,7966,364
2967,7967,195
2968,7968,471
2969,7969,351
2970,7970,315
2971,7971,444
2972,7972,189
2973,7973,290
2974,7974,468
2975,7975,451
2976,7976,483
2977,7977,333
2978,7978,230
2979,7979,470
2980,7980,266
2981,7981,313
2982,7982,239
2983,7983,189
2984,7984,291
2985,7985,408
2986,7986,470
2987,7987,316
2988,7988,270
2989,7989,473
2990,7990,428
2991,7991,309
2992,7992,166
2993,7993,224
2994,7994,312
2995,7995,411
2996,7996,246
2997,7997,151
2998,7998,343
2999,7999,466
